{"scaler_mean": [40.25496590572191, 3.715386895938334, 1.12926178476134, 3.684059689692657, 0.27369305267318905, 1150.6282735448167, 1.0136377112362882, 0.3288862535823698, 0.5309813222650459, 1.732434034983694, 2.032364858187568, 252.62975590473366, 2.8675264354185197, 998.5083506275323, 0.010623579405079553, 0.9903646605395791, 1.2320041506077675, 93.90272032809567, -39.22314952070363, 4.887865154659551, 5215.121528807194], "scaler_scale": [9.23426693008517, 3.6136321358424466, 0.588700598485173, 2.1524086078839115, 0.44618565370820434, 2708.2421474687435, 0.9868749294019891, 0.7236811817501118, 0.49903923460055666, 1.2408799684610567, 1.3898926619401044, 262.3089356148194, 3.2381038665439053, 22.112218276143278, 0.10252179751498472, 0.10261939211748433, 0.3373217933583611, 0.3521911822708035, 3.028965190292206, 0.16624251478803198, 17.469112903009297], "pca_mean": [-1.0041270008271008e-16, -2.914074862540188e-17, 1.3095782213584217e-16, 1.3762859591756066e-16, 4.564213640123185e-18, -4.739760318589462e-18, -3.3353868908592506e-17, 3.370496226552506e-17, 7.539729840126569e-17, 3.370496226552506e-17, 2.071450805902061e-17, 5.055744339828759e-17, -4.2657842867305156e-17, 2.541564810834749e-15, 5.547275039534333e-17, -4.3324920245477005e-16, 1.6290731761670446e-16, -1.0970263030714542e-14, 6.855097794108092e-16, 4.36409042667163e-15, 1.2676576745406749e-14], "pca_components": [[-0.028958333450748153, 0.014570792725027398, 0.043284143517329746, 0.03709439732144717, 0.0053412107487989776, -0.02205737980608143, 0.012365789858513792, 0.009901020110210495, -0.18635441203535433, -0.4376957564423722, 0.004607686252443967, 0.005276783656043126, 0.08551353664264136, 0.04189750861523153, -0.2843231275377542, 0.2659059796426056, 0.47311189245660035, 0.07597017733029537, -0.09495759030956316, 0.4462233565627793, 0.41258553435417133], [0.010075735231012167, -0.0699123853345765, -0.02975415413300102, -0.17019519436061936, 0.11443109039910947, -0.020588730662563698, -0.09384190375118302, -0.01791724991201435, 0.5245994656979246, 0.31005691739339075, -0.030922970342606836, 0.035328499442260936, 0.029748216522011175, 0.03059388915573997, -0.34013836548819476, 0.32656442312079664, 0.11872997090730315, 0.48186969043045835, 0.08205899009709018, 0.16703198283900858, -0.2527472262550043], [-0.02640266388313147, 0.1644054840796038, 0.04731237011239108, 0.2567681609229213, -0.10317251004616888, -0.02482322746741408, 0.06259771406010275, -0.008745544889079922, -0.08151899814679842, -0.061362643192402255, 0.07469198571658829, 0.0029102223129994207, -0.12842130923580608, -0.04229641925384103, -0.3447719252867825, 0.36276262346233973, -0.07840572399542847, -0.41673518730902864, 0.5906072291066495, -0.00309766387267049, -0.27470711067303405], [0.6408089711127053, -0.057497446693690835, -0.5335247491211746, -0.26420666700928874, 0.41561807678835516, -0.0032051704617962907, 0.038773090052313886, -0.021712515512518984, -0.09178503236301702, -0.08409312658298436, -0.029572817989143053, -0.053835483958705535, -0.008183579855927792, 0.00523077277280884, -0.020669629274324287, 0.018382875542997484, 0.00878325719814215, -0.1392914939743274, 0.1309638837949644, 0.011014993128205183, -0.0002305437180271687]]}