{
    "mean": [
        40.02406040594348,
        3.7245799747499273,
        1.1727687676022143,
        3.747183645722055,
        0.20887151597552686,
        1299.5565698747207,
        1.0717199184228416,
        0.3274254637272992,
        0.3652520151500437,
        4.230868214042925,
        2.0046129940759445,
        258.2850101971448,
        2.567592502670681,
        962.4754540157328,
        0.17296299893172767,
        0.930101000291347,
        0.08188550063125165,
        93.57566436826262,
        -40.50260027192386,
        3.621290812858114,
        5167.035910944936
    ],
    "scale": [
        10.421123471838731,
        3.5945167310912955,
        0.6088949581518176,
        2.136456533819916,
        0.4066815452989565,
        2933.3810188066927,
        0.9853020482441571,
        0.7236071904909956,
        0.481500758648287,
        2.319996771282126,
        1.3975582169888001,
        259.27610130778396,
        2.769979916234896,
        186.9086383338423,
        0.4948950719719037,
        0.36288156939127486,
        1.5709406698013326,
        0.5788330221069571,
        4.6281416720195905,
        1.7344263494718772,
        72.25065056854488
    ]
}